{"cameraMode":{"drawMode":0,"name":"Shaded","section":"Shading Mode"},"sceneLighting":false,"audioPlay":false,"sceneViewState":{"m_AlwaysRefresh":false,"showFog":true,"showSkybox":false,"showFlares":true,"showImageEffects":true,"showParticleSystems":true,"showVisualEffectGraphs":true,"m_FxEnabled":true},"in2DMode":false,"pivot":{"x":2.5528883934020998,"y":1.2071712017059327,"z":21.516796112060548},"rotation":{"x":0.3271203637123108,"y":0.3556187152862549,"z":-0.13446681201457978,"w":0.8651358485221863},"size":1.5312799215316773,"orthographic":false}