{"cameraMode":{"drawMode":0,"name":"Shaded","section":"Shading Mode"},"sceneLighting":false,"audioPlay":false,"sceneViewState":{"m_AlwaysRefresh":false,"showFog":true,"showSkybox":false,"showFlares":true,"showImageEffects":true,"showParticleSystems":true,"showVisualEffectGraphs":true,"m_FxEnabled":true},"in2DMode":false,"pivot":{"x":-7.686773300170898,"y":1.0908236503601075,"z":10.647337913513184},"rotation":{"x":0.1392219215631485,"y":0.3400355577468872,"z":-0.050978392362594607,"w":0.9286585450172424},"size":1.2361564636230469,"orthographic":false}