{"cameraMode":{"drawMode":0,"name":"Shaded","section":"Shading Mode"},"sceneLighting":false,"audioPlay":false,"sceneViewState":{"m_AlwaysRefresh":false,"showFog":true,"showSkybox":false,"showFlares":true,"showImageEffects":true,"showParticleSystems":true,"showVisualEffectGraphs":true,"m_FxEnabled":true},"in2DMode":false,"pivot":{"x":-1.9068679809570313,"y":-1.1642208099365235,"z":13.698433876037598},"rotation":{"x":0.08482848107814789,"y":0.891617476940155,"z":-0.18753591179847718,"w":0.40331733226776125},"size":3.6361560821533205,"orthographic":false}