{"cameraMode":{"drawMode":0,"name":"Shaded","section":"Shading Mode"},"sceneLighting":false,"audioPlay":false,"sceneViewState":{"m_AlwaysRefresh":false,"showFog":true,"showSkybox":false,"showFlares":true,"showImageEffects":true,"showParticleSystems":true,"showVisualEffectGraphs":true,"m_FxEnabled":true},"in2DMode":false,"pivot":{"x":-6.662502288818359,"y":-0.7769384384155273,"z":18.03521728515625},"rotation":{"x":0.22603116929531098,"y":0.12091125547885895,"z":-0.028290146961808206,"w":0.9661845564842224},"size":4.236155986785889,"orthographic":false}