{"cameraMode":{"drawMode":0,"name":"Shaded","section":"Shading Mode"},"sceneLighting":true,"audioPlay":false,"sceneViewState":{"m_AlwaysRefresh":false,"showFog":true,"showSkybox":false,"showFlares":true,"showImageEffects":true,"showParticleSystems":true,"showVisualEffectGraphs":true,"m_FxEnabled":true},"in2DMode":false,"pivot":{"x":49.349945068359378,"y":-0.12089824676513672,"z":3.029500961303711},"rotation":{"x":0.07506586611270905,"y":0.7684683203697205,"z":-0.09173361212015152,"w":0.6288373470306397},"size":49.88810348510742,"orthographic":false}