{"cameraMode":{"drawMode":0,"name":"Shaded","section":"Shading Mode"},"sceneLighting":false,"audioPlay":false,"sceneViewState":{"m_AlwaysRefresh":false,"showFog":true,"showSkybox":false,"showFlares":true,"showImageEffects":true,"showParticleSystems":true,"showVisualEffectGraphs":true,"m_FxEnabled":true},"in2DMode":false,"pivot":{"x":0.9107693433761597,"y":0.9375020861625671,"z":27.450416564941408},"rotation":{"x":0.1654781997203827,"y":0.5567415356636047,"z":-0.11430636048316956,"w":0.8059785962104797},"size":21.008115768432618,"orthographic":false}