{"cameraMode":{"drawMode":0,"name":"Shaded","section":"Shading Mode"},"sceneLighting":true,"audioPlay":false,"sceneViewState":{"m_AlwaysRefresh":false,"showFog":true,"showSkybox":true,"showFlares":true,"showImageEffects":true,"showParticleSystems":true,"showVisualEffectGraphs":true,"m_FxEnabled":true},"in2DMode":false,"pivot":{"x":471.56036376953127,"y":247.75015258789063,"z":-374.3446044921875},"rotation":{"x":0.02655993029475212,"y":0.17896685004234315,"z":-0.0048330859281122688,"w":0.9834944605827332},"size":279.51531982421877,"orthographic":false}