{"cameraMode":{"drawMode":0,"name":"Shaded","section":"Shading Mode"},"sceneLighting":true,"audioPlay":false,"sceneViewState":{"m_AlwaysRefresh":false,"showFog":true,"showSkybox":true,"showFlares":true,"showImageEffects":true,"showParticleSystems":true,"showVisualEffectGraphs":true,"m_FxEnabled":true},"in2DMode":false,"pivot":{"x":-14.164688110351563,"y":28.108379364013673,"z":18.626483917236329},"rotation":{"x":0.039800841361284259,"y":0.9002703428268433,"z":-0.08424713462591171,"w":0.4252592921257019},"size":71.70103454589844,"orthographic":false}