{"cameraMode":{"drawMode":0,"name":"Shaded","section":"Shading Mode"},"sceneLighting":true,"audioPlay":false,"sceneViewState":{"m_AlwaysRefresh":false,"showFog":true,"showSkybox":true,"showFlares":true,"showImageEffects":true,"showParticleSystems":true,"showVisualEffectGraphs":true,"m_FxEnabled":true},"in2DMode":false,"pivot":{"x":3.4606857299804689,"y":0.6346344947814941,"z":-4.9565324783325199},"rotation":{"x":0.028129057958722116,"y":0.888595700263977,"z":-0.05499393492937088,"w":0.4545119106769562},"size":13.287703514099121,"orthographic":false}