{"cameraMode":{"drawMode":0,"name":"Shaded","section":"Shading Mode"},"sceneLighting":true,"audioPlay":false,"sceneViewState":{"m_AlwaysRefresh":false,"showFog":true,"showSkybox":true,"showFlares":true,"showImageEffects":true,"showParticleSystems":true,"showVisualEffectGraphs":true,"m_FxEnabled":true},"in2DMode":false,"pivot":{"x":-11.398183822631836,"y":-243.08291625976563,"z":-437.37261962890627},"rotation":{"x":-0.001054369960911572,"y":0.9679543375968933,"z":-0.2510910630226135,"w":-0.004064437001943588},"size":264.991943359375,"orthographic":false}