{"cameraMode":{"drawMode":0,"name":"Shaded","section":"Shading Mode"},"sceneLighting":true,"audioPlay":false,"sceneViewState":{"m_AlwaysRefresh":false,"showFog":true,"showSkybox":true,"showFlares":true,"showImageEffects":true,"showParticleSystems":true,"showVisualEffectGraphs":true,"m_FxEnabled":true},"in2DMode":false,"pivot":{"x":3.5389363765716554,"y":2.2694883346557619,"z":0.8683905601501465},"rotation":{"x":0.0024602862540632488,"y":0.9736527800559998,"z":-0.22777874767780305,"w":0.010517382062971592},"size":10.34842586517334,"orthographic":false}