{"cameraMode":{"drawMode":0,"name":"Shaded","section":"Shading Mode"},"sceneLighting":true,"audioPlay":false,"sceneViewState":{"m_AlwaysRefresh":false,"showFog":true,"showSkybox":true,"showFlares":true,"showImageEffects":true,"showParticleSystems":true,"showVisualEffectGraphs":true,"m_FxEnabled":true},"in2DMode":false,"pivot":{"x":3.7797327041625978,"y":-0.06290698051452637,"z":41.69723892211914},"rotation":{"x":0.06957121193408966,"y":0.2689127027988434,"z":-0.019478920847177507,"w":0.9604504108428955},"size":33.406883239746097,"orthographic":false}